tabla,restriccion,on_delete_propuesto
archivos,fk_archivos_subido_por_usuario_id_usuarios,Restrict
bloqueos,fk_bloqueos_usuario_bloqueador_id_usuarios,Restrict
bloqueos,fk_bloqueos_perfil_bloqueado_id_perfiles,Restrict
categorias,fk_categorias_padre_id_categorias,Restrict
ciudades,fk_ciudades_departamento_id_departamentos,Restrict
comentarios,fk_comentarios_publicacion_id_publicaciones,Restrict
comentarios,fk_comentarios_perfil_autor_id_perfiles,Restrict
comentarios,fk_comentarios_creado_por_usuario_id_usuarios,Restrict
comentarios,fk_comentarios_responde_a_perfil_id_perfiles,Restrict
comentarios,fk_comentarios_comentario_padre_id_publicacion_id_comentarios,Restrict
conversaciones,fk_conversaciones_creado_por_usuario_id_usuarios,Restrict
conversaciones,fk_conversaciones_ultimo_mensaje_id_mensajes,Restrict
cotizaciones,fk_cotizaciones_solicitud_cotizacion_id_solicitudes_cotizacion,Restrict
cotizaciones,fk_cotizaciones_creado_por_usuario_id_usuarios,Restrict
cotizaciones,fk_cotizaciones_moneda_codigo_monedas,Restrict
cotizacion_items,fk_cotizacion_items_cotizacion_id_cotizaciones,Cascade
cotizacion_items,fk_cotizacion_items_producto_id_productos,Restrict
departamentos,fk_departamentos_pais_codigo_paises,Restrict
documentos_verificacion,fk_documentos_verificacion_verificacion_id_verificaciones,Cascade
documentos_verificacion,fk_documentos_verificacion_archivo_id_archivos,Restrict
emprendimientos,fk_emprendimientos_categoria_id_categorias,Restrict
emprendimientos,fk_emprendimientos_creado_por_usuario_id_usuarios,Restrict
emprendimientos,fk_emprendimientos_id_tipo_perfil_perfiles,Restrict
enlaces_emprendimiento,fk_enlaces_emprendimiento_emprendimiento_id_emprendimientos,Cascade
guardados,fk_guardados_usuario_id_usuarios,Restrict
guardados,fk_guardados_publicacion_id_publicaciones,Restrict
guardados,fk_guardados_producto_id_productos,Restrict
historial_solicitudes,fk_historial_solicitudes_solicitud_cotizacion_id_solic_3cc7a2f1,Restrict
historial_solicitudes,fk_historial_solicitudes_usuario_actor_id_usuarios,Restrict
intereses_usuario,fk_intereses_usuario_usuario_id_usuarios,Cascade
intereses_usuario,fk_intereses_usuario_categoria_id_categorias,Restrict
menciones,fk_menciones_publicacion_id_publicaciones,Cascade
menciones,fk_menciones_perfil_id_perfiles,Restrict
mensajes_adjuntos,fk_mensajes_adjuntos_mensaje_id_mensajes,Cascade
mensajes_adjuntos,fk_mensajes_adjuntos_archivo_id_archivos,Restrict
mensajes,fk_mensajes_usuario_remitente_id_usuarios,Restrict
mensajes,fk_mensajes_producto_id_productos,Restrict
mensajes,fk_mensajes_responde_a_mensaje_id_mensajes,Restrict
mensajes,fk_mensajes_conversacion_id_perfil_remitente_id_participantes,Restrict
mensajes,fk_mensajes_solicitud_cotizacion_id_solicitudes_cotizacion,Restrict
miembros_emprendimiento,fk_miembros_emprendimiento_emprendimiento_id_emprendimientos,Restrict
miembros_emprendimiento,fk_miembros_emprendimiento_usuario_id_usuarios,Restrict
miembros_emprendimiento,fk_miembros_emprendimiento_invitado_por_usuario_id_usuarios,Restrict
notificaciones,fk_notificaciones_usuario_destinatario_id_usuarios,Restrict
notificaciones,fk_notificaciones_perfil_actor_id_perfiles,Restrict
ofertas_mentoria,fk_ofertas_mentoria_usuario_mentor_id_usuarios,Restrict
ofertas_mentoria,fk_ofertas_mentoria_categoria_id_categorias,Restrict
ofertas_mentoria,fk_ofertas_mentoria_moneda_codigo_monedas,Restrict
oportunidades,fk_oportunidades_perfil_autor_id_perfiles,Restrict
oportunidades,fk_oportunidades_creado_por_usuario_id_usuarios,Restrict
oportunidades,fk_oportunidades_tipo_codigo_tipos_oportunidad,Restrict
oportunidades,fk_oportunidades_categoria_id_categorias,Restrict
oportunidades,fk_oportunidades_ciudad_id_ciudades,Restrict
paises,fk_paises_moneda_defecto_codigo_monedas,Restrict
participantes,fk_participantes_conversacion_id_conversaciones,Restrict
participantes,fk_participantes_perfil_id_perfiles,Restrict
participantes,fk_participantes_usuario_asignado_id_usuarios,Restrict
participantes,fk_participantes_ultimo_mensaje_leido_id_mensajes,Restrict
perfiles,fk_perfiles_ciudad_id_ciudades,Restrict
perfiles,fk_perfiles_foto_archivo_id_archivos,Restrict
perfiles,fk_perfiles_portada_archivo_id_archivos,Restrict
postulaciones,fk_postulaciones_oportunidad_id_oportunidades,Restrict
postulaciones,fk_postulaciones_perfil_postulante_id_perfiles,Restrict
postulaciones,fk_postulaciones_creado_por_usuario_id_usuarios,Restrict
productos_archivos,fk_productos_archivos_producto_id_productos,Cascade
productos_archivos,fk_productos_archivos_archivo_id_archivos,Restrict
productos,fk_productos_emprendimiento_id_emprendimientos,Restrict
productos,fk_productos_creado_por_usuario_id_usuarios,Restrict
productos,fk_productos_categoria_id_categorias,Restrict
productos,fk_productos_moneda_codigo_monedas,Restrict
productos,fk_productos_ciudad_id_ciudades,Restrict
productos_etiquetas,fk_productos_etiquetas_producto_id_productos,Cascade
productos_etiquetas,fk_productos_etiquetas_etiqueta_id_etiquetas,Restrict
publicaciones_archivos,fk_publicaciones_archivos_archivo_id_archivos,Restrict
publicaciones_archivos,fk_publicaciones_archivos_publicacion_id_publicaciones,Cascade
publicaciones,fk_publicaciones_perfil_autor_id_perfiles,Restrict
publicaciones,fk_publicaciones_creado_por_usuario_id_usuarios,Restrict
publicaciones,fk_publicaciones_tipo_publicacion_codigo_tipos_publicacion,Restrict
publicaciones,fk_publicaciones_producto_id_productos,Restrict
publicaciones,fk_publicaciones_oportunidad_id_oportunidades,Restrict
publicaciones,fk_publicaciones_publicacion_compartida_id_publicaciones,Restrict
publicaciones,fk_publicaciones_comentario_aceptado_id_id_comentarios,Restrict
publicaciones_etiquetas,fk_publicaciones_etiquetas_publicacion_id_publicaciones,Cascade
publicaciones_etiquetas,fk_publicaciones_etiquetas_etiqueta_id_etiquetas,Restrict
reacciones_comentario,fk_reacciones_comentario_comentario_id_comentarios,Cascade
reacciones_comentario,fk_reacciones_comentario_perfil_id_perfiles,Restrict
reacciones_comentario,fk_reacciones_comentario_tipo_reaccion_codigo_tipos_reaccion,Restrict
reacciones_publicacion,fk_reacciones_publicacion_publicacion_id_publicaciones,Cascade
reacciones_publicacion,fk_reacciones_publicacion_perfil_id_perfiles,Restrict
reacciones_publicacion,fk_reacciones_publicacion_tipo_reaccion_codigo_tipos_reaccion,Restrict
reportes,fk_reportes_motivo_codigo_motivos_reporte,Restrict
reportes,fk_reportes_resuelto_por_usuario_id_usuarios,Restrict
reportes,fk_reportes_usuario_reportante_id_usuarios,Restrict
resenas_archivos,fk_resenas_archivos_resena_id_resenas,Cascade
resenas_archivos,fk_resenas_archivos_archivo_id_archivos,Restrict
resenas,fk_resenas_usuario_resenador_id_usuarios,Restrict
resenas,fk_resenas_emprendimiento_id_emprendimientos,Restrict
resenas,fk_resenas_respondido_por_usuario_id_usuarios,Restrict
resenas,fk_resenas_producto_id_emprendimiento_id_productos,Restrict
resenas,fk_resenas_solicitud_cotizacion_id_solicitudes_cotizacion,Restrict
seguimientos,fk_seguimientos_usuario_seguidor_id_usuarios,Restrict
seguimientos,fk_seguimientos_perfil_seguido_id_perfiles,Restrict
sesiones,fk_sesiones_usuario_id_usuarios,Restrict
sesiones,fk_sesiones_reemplazado_por_id_sesiones,Restrict
solicitudes_cotizacion,fk_solicitudes_cotizacion_emprendimiento_id_emprendimientos,Restrict
solicitudes_cotizacion,fk_solicitudes_cotizacion_perfil_solicitante_id_perfiles,Restrict
solicitudes_cotizacion,fk_solicitudes_cotizacion_creado_por_usuario_id_usuarios,Restrict
solicitudes_cotizacion,fk_solicitudes_cotizacion_conversacion_id_conversaciones,Restrict
solicitudes_cotizacion,fk_solicitudes_cotizacion_ciudad_entrega_id_ciudades,Restrict
solicitudes_cotizacion,fk_solicitudes_cotizacion_cotizacion_aceptada_id_id_co_e86cb7ca,Restrict
solicitud_items,fk_solicitud_items_solicitud_cotizacion_id_solicitudes_c716681e,Cascade
solicitud_items,fk_solicitud_items_producto_id_productos,Restrict
solicitudes_mentoria,fk_solicitudes_mentoria_oferta_id_ofertas_mentoria,Restrict
solicitudes_mentoria,fk_solicitudes_mentoria_perfil_mentoreado_id_perfiles,Restrict
solicitudes_mentoria,fk_solicitudes_mentoria_creado_por_usuario_id_usuarios,Restrict
tokens_recuperacion,fk_tokens_recuperacion_usuario_id_usuarios,Restrict
usuarios,fk_usuarios_id_tipo_perfil_perfiles,Restrict
usuario_tipos_persona,fk_usuario_tipos_persona_usuario_id_usuarios,Cascade
usuario_tipos_persona,fk_usuario_tipos_persona_tipo_persona_codigo_tipos_persona,Restrict
variantes_archivo,fk_variantes_archivo_archivo_id_archivos,Cascade
verificaciones,fk_verificaciones_revisado_por_usuario_id_usuarios,Restrict
verificaciones,fk_verificaciones_emprendimiento_id_emprendimientos,Restrict
verificaciones,fk_verificaciones_enviado_por_usuario_id_usuarios,Restrict
