tabla,columna,tipo_dbml,longitud_maxima_propuesta
archivos,proveedor_almacenamiento,text,255
archivos,bucket,text,255
archivos,clave_objeto,text,1024
archivos,nombre_original,text,255
archivos,tipo_mime,text,127
archivos,extension,text,16
categorias,slug,text,255
categorias,nombre,text,255
categorias,icono,text,255
ciudades,nombre,text,255
ciudades,codigo,text,64
comentarios,contenido,text,10000
conversaciones,titulo,text,255
conversaciones,clave_directa,text,1024
cotizacion_items,descripcion,text,10000
cotizaciones,notas,text,4000
departamentos,nombre,text,255
departamentos,codigo,text,64
documentos_verificacion,tipo_documento,text,64
emprendimientos,razon_social,text,255
emprendimientos,nit,text,255
emprendimientos,correo_contacto,text,254
emprendimientos,telefono_contacto,text,30
emprendimientos,whatsapp,text,30
emprendimientos,direccion,text,500
enlaces_emprendimiento,plataforma,text,64
enlaces_emprendimiento,url,text,2048
etiquetas,nombre,text,255
historial_solicitudes,nota,text,4000
mensajes,contenido,text,10000
miembros_emprendimiento,titulo,text,255
monedas,nombre,text,255
monedas,simbolo,text,255
motivos_reporte,codigo,text,64
motivos_reporte,nombre,text,255
notificaciones,entidad_tipo,text,64
notificaciones,clave_grupo,text,1024
ofertas_mentoria,titulo,text,255
ofertas_mentoria,descripcion,text,10000
oportunidades,tipo_codigo,text,64
oportunidades,titulo,text,255
oportunidades,descripcion,text,10000
paises,nombre,text,255
paises,prefijo_telefono,text,30
perfiles,nombre_usuario,text,50
perfiles,nombre_visible,text,255
perfiles,titular,text,255
perfiles,biografia,text,2000
perfiles,sitio_web,text,2048
permisos_rol,permiso,text,64
postulaciones,mensaje,text,10000
productos,titulo,text,255
productos,slug,text,255
productos,descripcion,text,10000
productos_archivos,texto_alternativo,text,255
publicaciones,tipo_publicacion_codigo,text,64
publicaciones,contenido,text,10000
publicaciones_archivos,texto_alternativo,text,255
reacciones_comentario,tipo_reaccion_codigo,text,64
reacciones_publicacion,tipo_reaccion_codigo,text,64
reportes,motivo_codigo,text,64
reportes,detalles,text,4000
reportes,nota_resolucion,text,4000
resenas,titulo,text,255
resenas,contenido,text,10000
resenas,respuesta_emprendimiento,text,10000
sesiones,hash_token_refresco,text,256
sesiones,agente_usuario,text,255
sesiones,motivo_revocacion,text,255
solicitud_items,descripcion,text,10000
solicitud_items,notas,text,4000
solicitudes_cotizacion,titulo,text,255
solicitudes_cotizacion,mensaje,text,10000
solicitudes_mentoria,mensaje,text,10000
solicitudes_mentoria,url_reunion,text,2048
solicitudes_mentoria,comentario_mentoreado,text,4000
tipos_oportunidad,codigo,text,64
tipos_oportunidad,nombre,text,255
tipos_oportunidad,descripcion,text,10000
tipos_persona,codigo,text,64
tipos_persona,nombre,text,255
tipos_persona,descripcion,text,10000
tipos_publicacion,codigo,text,64
tipos_publicacion,nombre,text,255
tipos_publicacion,descripcion,text,10000
tipos_publicacion,icono,text,255
tipos_reaccion,codigo,text,64
tipos_reaccion,nombre,text,255
tipos_reaccion,emoji,text,32
tokens_recuperacion,hash_token,text,256
usuario_tipos_persona,tipo_persona_codigo,text,64
usuarios,correo,text,254
usuarios,hash_contrasena,text,512
usuarios_reservados,nombre_usuario,text,50
variantes_archivo,variante,text,64
variantes_archivo,clave_objeto,text,1024
variantes_archivo,tipo_mime,text,127
verificaciones,metodo,text,64
verificaciones,notas_revisor,text,4000
